elapsed_ms,ax,ay,az
47719,-1883,7,34
47759,-1847,3,40
47799,-1831,5,37
47830,-1797,23,67
47880,-1827,80,77
47910,-1838,117,52
47950,-1852,112,73
47990,-1881,147,108
48030,-1905,141,127
48070,-1898,134,105
48110,-1895,162,111
48150,-1911,126,100
48210,-1877,148,92
48231,-1867,109,88
48273,-1877,120,97
48340,-1906,58,97
48383,-1931,37,78
48390,-1925,34,84
48430,-1935,25,89
48470,-1912,-5,71
48510,-1885,-12,35
48550,-1877,-9,25
48590,-1869,-7,47
48631,-1873,-3,47
48670,-1859,-38,47
48710,-1860,-9,42
48750,-1871,-29,39
48790,-1845,4,19
48831,-1869,74,-6
48870,-1844,75,-6
48923,-1819,119,15
48963,-1813,101,16
49014,-1914,107,27
49031,-1916,56,37
49070,-1937,49,60
49110,-1925,45,56
49151,-1905,40,19
49190,-1893,47,18
49231,-1892,25,-18
49270,-1910,29,-32
49311,-1903,-3,-16
49350,-1905,-25,-16
49390,-1896,-27,-26
49430,-1908,-15,-1
49471,-1860,2,-26
49510,-1863,-33,-6
49614,-1822,37,-16
49626,-1821,32,-23
49680,-1878,80,-24
49681,-1888,89,-1
49711,-1892,59,20
49751,-1923,41,17
49791,-1942,51,25
49832,-1936,58,19
49871,-1937,74,20
49912,-1938,59,-11
49951,-1902,46,-34
49991,-1917,56,-33
50032,-1896,61,-43
50071,-1886,11,-56
50112,-1883,27,-54
50151,-1885,4,-28
50224,-1843,12,-20
50233,-1837,10,-13
50271,-1872,-20,4
50347,-1889,17,9
50354,-1895,9,6
50394,-1871,30,-6
50464,-1879,32,10
50471,-1896,34,9
50511,-1904,31,27
50552,-1881,42,19
50591,-1883,26,40
50632,-1879,27,34
50671,-1876,25,47
50712,-1884,26,52
50752,-1893,12,56
50792,-1882,16,60
50831,-1889,-13,69
50872,-1874,37,69
50912,-1867,-19,51
50962,-1885,32,49
51016,-1884,4,61
51055,-1854,14,47
51074,-1858,16,45
51128,-1857,-10,58
51152,-1867,-4,44
51192,-1866,-12,62
51232,-1881,-35,56
51272,-1864,-36,68
51312,-1868,-33,64
51363,-1871,-40,81
51392,-1867,-38,73
51432,-1874,-21,79
51472,-1867,-54,71
51512,-1860,-23,80
51552,-1853,-21,85
51592,-1860,-16,106
51632,-1875,4,92
51684,-1888,5,77
51724,-1901,-22,104
51785,-1881,-5,86
51826,-1887,-34,48
51833,-1887,-32,53
51878,-1880,-6,48
51936,-1877,-29,53
51952,-1874,-34,52
51992,-1873,-44,44
52032,-1897,-51,62
52072,-1881,-61,54
52112,-1879,-44,80
52164,-1893,-82,39
52192,-1865,-47,22
52232,-1845,-24,40
52272,-1840,-79,43
52312,-1871,-19,39
52352,-1886,-54,69
52392,-1878,-52,59
52432,-1861,-44,63
52484,-1872,-45,61
52543,-1880,-21,51
52626,-1888,-39,64
52632,-1884,-46,83
52642,-1884,-50,86
52673,-1871,-28,65
52713,-1876,-31,92
52752,-1871,-57,53
52792,-1871,-13,64
52832,-1890,-64,40
52872,-1882,-32,55
52912,-1844,-36,51
52955,-1868,-71,70
52992,-1887,-29,46
53032,-1868,-54,50
53072,-1879,-39,41
53112,-1889,-43,38
53174,-1882,-51,58
53225,-1876,-51,46
53233,-1876,-46,30
53272,-1876,-49,49
53313,-1866,-60,62
53364,-1877,-47,39
53392,-1880,-70,53
53432,-1892,-52,65
53528,-1874,-57,71
53539,-1897,-56,68
53554,-1895,-63,42
53592,-1898,-39,60
53632,-1879,-58,65
53672,-1860,-28,65
53712,-1865,-14,53
53753,-1891,-23,67
53792,-1883,-14,80
53832,-1916,-53,84
53874,-1881,-57,83
53914,-1845,-28,65
53953,-1880,-28,22
53993,-1908,-9,5
54033,-1863,-50,-6
54094,-1810,-23,39
54156,-1859,-15,59
54165,-1857,1,65
54245,-1887,21,42
54254,-1890,26,59
54273,-1909,25,55
54313,-1957,-5,42
54353,-1908,-36,63
54393,-1903,-58,54
54433,-1913,-96,43
54473,-1889,3,-6
54513,-1866,-83,-25
54556,-1870,-2,-52
54593,-1854,9,-46
54633,-1859,-24,-32
54673,-1905,-55,23
54713,-2107,-185,107
54753,-2004,-230,98
54800,-1905,-14,5
54857,-1625,73,-37
54873,-1595,138,-29
54916,-1618,220,4
54965,-1743,125,95
54993,-1873,89,83
55033,-1998,77,142
55073,-2045,29,166
55113,-2003,-88,186
55154,-1959,60,110
55194,-1913,84,20
55234,-1906,123,-14
55274,-1863,172,-18
55314,-1905,81,-18
55365,-1924,81,-22
55394,-1919,32,9
55433,-1978,-18,-2
55507,-1953,41,-32
55514,-1952,44,-16
55575,-1800,10,-12
55624,-1666,110,31
55667,-1634,323,95
55674,-1646,373,111
55713,-1700,348,160
55760,-1799,130,215
55794,-1868,145,202
55834,-1885,169,166
55874,-1945,242,137
55914,-2003,191,126
55954,-1987,128,150
55994,-1911,15,170
56034,-1796,-76,124
56074,-1795,-29,148
56114,-1811,-93,120
56154,-1787,-77,142
56226,-1805,109,38
56235,-1770,81,80
56277,-1999,-4,23
56337,-1661,122,152
56386,-1707,143,222
56429,-1745,-4,174
56433,-1707,-23,192
56474,-1678,-210,154
56514,-1684,156,332
56554,-1640,-50,318
56594,-1848,-360,234
56660,-1848,-90,192
56674,-1876,88,126
56714,-1861,-263,86
56754,-1773,-426,137
56795,-1682,-227,28
56834,-1641,-61,93
56874,-1700,-111,38
56914,-1533,-142,201
56980,-2015,-184,273
57117,-2144,-251,234
57158,-2103,-227,283
57168,-2114,-260,260
57174,-2115,-193,377
57184,-911,-642,577
57194,-2488,-494,340
57234,-2190,-210,202
57274,-1946,48,469
57314,-1937,-99,514
57355,-1769,-716,692
57395,-1902,83,550
57457,-2031,-171,538
57475,-2005,-310,539
57514,-1796,-227,614
57554,-1660,-185,634
57594,-1560,-120,569
57634,-1020,-406,951
57749,-1594,-313,709
57760,-1593,-324,713
57774,-1638,-301,676
57796,-1586,-379,717
57834,-1636,-157,664
57901,-1587,-317,831
57915,-1588,-237,767
57955,-1616,-69,787
57996,-1695,-50,757
58057,-1582,-30,837
58109,-1590,-34,883
58115,-1552,-60,830
58156,-1577,-1,909
58195,-1505,97,880
58236,-1496,-106,946
58276,-1578,-39,868
58351,-1533,-104,864
58355,-1559,6,780
58395,-1570,345,624
58436,-1589,45,707
58476,-1516,-79,734
58515,-1552,60,615
58555,-1553,-55,602
58595,-1622,-99,490
58706,-1864,-127,544
58716,-1876,-10,531
58768,-1509,315,1165
58813,-1978,-213,183
58828,-1950,16,608
58836,-1964,-23,617
58876,-1985,-139,577
58915,-1797,-39,608
58955,-1782,32,525
58996,-1757,26,509
59066,-1777,-71,367
59075,-1749,-31,348
59115,-1651,41,475
59155,-1664,-16,478
59195,-1725,-139,453
59235,-1885,-202,308
59275,-1726,-65,359
59315,-1718,-165,435
59376,-1671,70,602
59427,-1873,115,385
59437,-1827,-30,508
59486,-1828,-119,542
59546,-1826,-210,532
59557,-1833,-200,502
59595,-1777,-98,427
59635,-1817,-214,412
59676,-1819,-272,411
59715,-1780,-184,393
59755,-1749,-99,403
59796,-1763,-116,359
59867,-1832,-35,439
59877,-1844,4,388
59916,-1808,82,380
59956,-1802,-40,370
59996,-1774,-119,394
60036,-1849,-132,380
60101,-1879,-145,418
60157,-1802,-61,413
60167,-1813,-28,391
60210,-1784,-67,399
60260,-1759,-121,457
60309,-1777,-147,417
60349,-1754,-118,417
60358,-1733,-52,387
60397,-1751,-114,400
60436,-1737,-121,471
60477,-1800,-162,369
60517,-1784,-169,347
60556,-1782,-132,349
60597,-1813,-155,347
60668,-1639,-306,536
60677,-1777,-331,475
60716,-1697,-138,509
60756,-1903,-171,499
60797,-1863,-134,474
60836,-1954,190,406
60907,-1747,-30,440
60917,-1722,114,417
61003,-1801,296,324
61017,-1782,317,377
61070,-1786,-212,478
61078,-1757,-272,439
61116,-1953,-24,343
61156,-1448,224,513
61196,-1804,224,502
61236,-1848,2,531
61276,-1684,57,492
61316,-1796,141,421
61356,-1836,38,429
61396,-1731,205,461
61467,-1685,147,492
61479,-1695,191,494
61557,-1498,38,581
61567,-1635,-165,643
61618,-1888,247,453
61664,-1796,31,542
61676,-1842,-32,557
61716,-1721,-102,453
61756,-1750,-102,476
61797,-1834,222,453
61869,-1702,101,533
61877,-1684,103,546
61917,-1794,116,521
61958,-1755,102,494
61998,-1750,213,470
62037,-1598,-79,495
62077,-1877,5,466
62118,-1819,24,448
62157,-1746,132,486
62211,-1974,-335,428
62267,-1721,100,532
62319,-1715,124,483
62328,-1846,152,485
62358,-1711,461,445
62399,-1738,-31,458
62450,-1733,217,563
62478,-1760,163,541
62517,-1709,163,581
62559,-1751,191,498
62620,-1781,347,432
62629,-1675,859,171
62678,-1804,97,535
62717,-1729,19,510
62770,-1663,194,483
62797,-1759,240,462
62838,-1661,238,521
62877,-1736,230,524
62917,-1740,208,490
62958,-1765,228,525
62998,-1762,175,572
63058,-1753,84,475
63078,-1772,214,457
63117,-1567,281,643
63172,-2111,-139,-209
63232,-1800,280,460
63240,-1801,222,497
63290,-1765,149,514
63318,-1730,153,480
63358,-1712,211,492
63397,-1709,179,478
63469,-1740,310,494
63480,-1813,391,464
63517,-1773,149,521
63558,-1687,137,562
63597,-1746,425,403
63637,-1526,245,658
63677,-1792,229,505
63718,-1776,234,514
63757,-1801,286,453
63799,-1748,271,344
63841,-1791,75,439
63901,-1751,122,485
63910,-1764,39,434
63959,-1795,211,438
64020,-1721,15,406
64030,-1752,-44,416
64078,-1724,146,444
64118,-1812,171,422
64159,-2030,109,293
64199,-1771,67,485
64270,-1686,130,435
64278,-1701,98,493
64318,-1825,30,394
64358,-1750,120,518
64398,-1757,24,456
64438,-1720,1,446
64478,-1761,91,415
64518,-1769,28,464
64580,-1850,-84,402
64680,-1847,56,386
64721,-1775,68,400
64732,-1820,64,371
64740,-1865,102,299
64781,-1766,76,441
64789,-1789,43,443
64850,-1812,-29,364
64891,-1748,165,429
64919,-1736,153,423
64958,-1774,133,502
64998,-8223,-7779,-5690
65069,-2353,513,619
65079,-2038,346,545
65119,-1749,115,377
65158,-1755,182,347
65198,-1730,230,340
65238,-1786,91,347
65278,-1758,45,517
65318,-1784,80,546
65359,-1761,25,520
65433,-1811,180,530
65439,-1806,149,545
65491,-1748,47,469
65534,-1742,142,546
65583,-1742,224,574
65593,-1761,153,550
65638,-1781,65,446
65678,-1777,160,515
65718,-1778,238,585
65758,-1801,197,555
65798,-1794,155,570
65870,-1839,179,525
65880,-1841,190,493
65918,-1730,204,758
65958,-1751,331,713
65998,-1621,289,805
66038,-1513,143,930
66078,-1412,359,880
66138,-1388,390,872
66185,-1358,371,919
66227,-1364,352,911
66291,-1477,377,1044
66301,-1481,317,1054
66310,-1508,280,1021
66360,-1547,389,975
66400,-1402,370,1058
66440,-1317,211,1012
66480,-1186,300,1124
66520,-1167,541,1087
66560,-1089,611,1109
66600,-1055,663,1102
66670,-1074,527,1056
66679,-1085,555,1097
66720,-1200,764,1216
66782,-1291,532,1140
66799,-1298,373,1076
66840,-1365,349,1093
66870,-1375,402,1165
66931,-1023,233,1038
66949,-1053,300,1093
66990,-1274,249,1296
67030,-1601,430,1384
67074,-2004,1054,1466
67136,-1526,14,818
67151,-1297,-237,764
67203,-936,-325,459
67240,-999,60,604
67279,-1230,641,824
67319,-1634,706,1034
67359,-2196,1338,1771
67399,-1705,648,730
67472,-1347,82,471
67482,-1356,124,486
67519,-1634,466,827
67559,-1728,1030,1329
67599,-1459,7,1001
67639,-1345,-1,702
67679,-1506,494,844
67751,-1501,321,908
67760,-1483,239,836
67805,-1566,243,790
67864,-1639,389,911
67871,-1613,340,884
67922,-1520,282,850
67959,-1514,407,885
67999,-1507,355,866
68039,-1532,324,881
68079,-1547,346,897
68119,-1521,323,904
68150,-1517,339,871
68199,-1513,370,910
68271,-1516,367,902
68281,-1494,368,910
68310,-1523,352,888
68350,-1523,341,917
68390,-1522,369,917
68430,-1525,356,896
68474,-1517,345,886
68522,-1520,355,889
68582,-1523,355,902
68629,-1525,343,898
68633,-1505,345,886
68715,-1511,354,917
68723,-1522,369,909
68750,-1529,358,897
68790,-1527,357,910
68830,-1512,354,912
68870,-1518,359,901
68910,-1504,362,918
68950,-1504,374,897
68990,-1530,380,893
69061,-1510,352,914
69070,-1521,343,926
69110,-1507,348,902
69150,-1502,364,899
69190,-1521,355,938
69230,-1513,351,940
69282,-1500,353,907
69333,-1503,384,899
69382,-1496,401,892
69390,-1506,405,881
69430,-1510,388,928
69477,-1533,385,856
69510,-1527,385,857
69550,-1516,422,882
69590,-1508,413,880
69630,-1473,346,919
69670,-1489,306,915
69710,-1582,530,872
69750,-1490,425,953
69790,-1463,459,943
69862,-1466,377,916
69871,-1496,404,918
69927,-1508,422,922
69975,-1483,390,919
70025,-1532,390,883
70035,-1529,371,897
70070,-1520,328,910
70110,-1567,397,933
70150,-1685,412,1011
70191,-1867,401,1010
70262,-1883,731,900
70272,-1826,774,908
70311,-1594,1144,1088
70351,-1272,658,1274
70391,-1143,471,1292
70431,-1003,646,1380
70471,-912,664,1334
70511,-756,695,1490
70575,-551,733,1386
70631,-335,940,1469
70682,-107,1320,1316
70692,-68,1312,1266
70754,349,1049,1310
70762,370,1174,1275
70791,391,1429,1108
70831,471,1478,1038
70872,576,1178,982
70911,549,840,944
70951,627,745,1316
70991,661,1257,1188
71064,802,1138,1201
71072,823,1082,1206
71111,842,1144,1258
71151,893,1152,1272
71191,943,1019,1307
71232,936,1149,1342
71304,933,1152,1341
71313,917,1176,1345
71351,879,1088,1283
71391,835,1177,1269
71464,753,1114,1319
71472,739,1122,1305
71512,745,1017,1337
71551,768,960,1389
71614,758,1029,1427
71673,780,949,1401
71683,760,952,1399
71739,772,1058,1388
71752,794,1090,1361
71791,788,1093,1363
71832,832,1073,1363
71871,840,990,1338
71938,846,1139,1333
71953,825,1172,1348
71991,799,1098,1362
72031,757,1105,1331
72071,708,1117,1329
72111,720,1112,1373
72152,674,1083,1383
72191,697,1015,1451
72255,693,941,1464
72314,720,880,1483
72334,726,958,1506
72384,714,1029,1461
72394,716,1027,1491
72433,719,1092,1515
72493,641,1060,1507
72512,611,1046,1501
72552,544,1031,1488
72592,556,944,1455
72663,537,974,1526
72673,553,944,1530
72713,578,835,1495
72752,617,873,1495
72792,636,917,1515
72832,645,928,1529
72872,598,883,1518
72912,577,861,1537
72952,501,869,1565
72992,484,753,1591
73034,430,825,1632
73120,336,674,1720
73125,339,645,1734
73185,356,588,1773
73194,356,621,1764
73253,392,677,1745
73295,381,704,1709
73312,387,722,1670
73352,385,746,1672
73392,370,709,1612
73457,442,667,1551
73473,468,668,1545
73512,525,750,1614
73552,479,817,1616
73592,466,795,1639
73632,452,683,1642
73672,449,715,1650
73712,431,685,1682
73753,445,629,1684
73792,415,724,1667
73877,495,631,1637
73885,504,647,1647
73945,550,641,1647
73953,552,656,1634
73999,570,686,1659
74032,558,671,1572
74072,626,741,1620
74112,527,828,1598
74152,603,723,1598
74192,506,796,1620
74259,434,725,1720
74273,395,797,1708
74312,364,742,1656
74352,456,563,1662
74393,464,833,1576
74432,502,898,1557
74474,470,926,1542
74538,482,1003,1400
74596,614,963,1553
74637,624,1012,1553
74646,615,1195,1474
74698,601,1032,1510
74714,573,1040,1505
74754,531,838,1541
74794,476,853,1543
74834,563,764,1584
74874,499,294,1669
74914,590,1164,1577
74953,537,399,1702
74994,607,720,1701
75066,608,630,1684
75075,625,669,1650
75114,628,558,1705
75154,644,687,1671
75194,613,848,1591
75258,584,841,1591
75304,617,631,1660
75316,609,570,1686
75368,620,729,1624
75393,604,740,1599
75461,596,782,1587
75476,595,821,1581
75514,595,689,1610
75553,640,827,1595
75593,663,808,1587
75633,700,625,1694
75673,689,957,1534
75713,643,997,1523
75753,552,747,1582
75793,562,508,1672
75866,538,485,1711
75874,609,452,1682
75914,636,865,1617
75953,659,759,1637
76003,634,650,1645
76034,620,733,1630
76083,645,769,1608
76148,614,788,1586
76155,640,782,1600
76204,643,718,1615
76266,636,715,1635
76273,646,732,1618
76313,630,719,1625
76353,618,707,1615
76404,636,757,1600
76434,633,685,1612
76475,637,706,1631
76514,630,742,1618
76554,646,703,1620
76594,644,718,1619
76634,636,756,1609
76705,651,715,1611
76715,648,726,1629
76754,637,715,1611
76827,593,685,1576
76867,592,729,1565
76876,686,888,1590
76976,698,1052,1505
76986,662,987,1529
77035,444,196,1651
77044,491,300,1616
77074,577,861,1584
77129,686,775,1618
77154,755,852,1601
77194,729,953,1564
77234,701,948,1540
77274,799,930,1586
77314,691,924,1644
77354,748,730,1731
77394,610,991,1692
77434,587,407,1696
77506,660,253,1520
77518,637,325,1548
77578,547,643,1396
77627,283,705,1707
77674,178,682,1971
77685,169,423,1997
77714,335,-77,1907
77755,613,104,1882
77794,723,456,1510
77834,-214,367,2275
77906,504,-265,1352
77916,543,-67,1443
77954,575,673,1785
77994,-1,296,1711
78035,331,-252,2005
78074,298,418,1223
78114,344,115,1986
78154,491,435,1754
78217,70,1099,2042
78319,1,155,2146
78326,-75,371,2287
78336,92,628,2222
78388,571,190,1654
78395,560,273,1639
78435,512,924,1819
78475,491,245,1717
78515,213,-235,2273
78556,500,315,1551
78595,324,139,1590
78636,608,434,1941
78707,473,93,1867
78716,468,145,1840
78755,326,251,1863
78796,410,89,1914
78836,488,469,1737
78875,490,479,1744
78931,572,272,1666
78999,643,269,1838
79005,621,325,1918
79058,580,568,1742
79075,600,122,1465
79151,388,-11,1724
79157,342,-276,1717
79207,490,567,1661
79235,929,288,1442
79275,-138,-477,2128
79316,539,426,1602
79356,467,275,1831
79396,345,355,1919
79436,587,420,1738
79507,591,537,1701
79516,573,581,1709
79555,426,388,1764
79608,376,208,1803
79663,453,73,1824
79677,462,106,1813
79729,466,259,1821
79755,474,320,1824
79795,467,163,1770
79835,489,207,1820
79900,503,155,1805
79916,475,163,1756
79955,531,250,1842
79995,527,225,1890
80035,653,577,1648
80075,79,-99,2043
80116,369,112,1780
80156,535,-27,1807
80196,589,98,1801
80236,543,403,1801
80287,498,307,1775
80338,428,349,1800
80356,465,323,1839
80397,508,382,1728
80468,503,225,1701
80476,509,227,1714
80517,585,330,1843
80556,590,395,1968
80629,86,223,1826
80638,214,579,1579
80710,859,170,1997
80716,975,287,1841
80757,823,368,1534
80829,354,31,1777
80837,420,490,1668
80877,469,148,2103
80917,618,421,1677
80956,145,-274,2227
80996,738,576,1725
81037,520,415,1485
81100,236,467,1751
81126,226,387,1888
81157,348,252,1860
81196,364,134,1749
81258,199,-168,1916
81319,187,385,1717
81361,365,745,1541
81370,267,-316,1566
81412,204,7,2195
81467,747,37,1704
81476,758,126,1580
81549,369,-749,1955
81558,455,-115,1870
81596,572,743,1784
81636,510,172,1981
81677,470,33,1541
81716,132,336,1932
81756,332,-323,1639
81796,520,345,1880
81837,280,145,1703
81901,577,318,1498
81916,475,128,1563
81957,245,191,1888
82020,195,189,1799
82031,175,64,1762
82151,362,26,1672
82159,333,-104,1549
82167,272,-14,1623
82197,202,-95,1925
82237,324,-140,1914
82318,692,687,1692
82327,737,704,1601
82357,494,-725,1658
82397,362,555,1936
82437,481,187,1546
82478,408,-21,1794
82517,399,419,1844
82557,416,201,1906
82598,453,261,1769
82637,443,317,1746
82738,409,236,1773
82743,407,246,1793
82799,412,189,1765
82850,330,352,1841
82858,352,396,1822
82877,391,370,1794
82918,473,332,1777
82957,460,391,1774
82997,386,362,1803
83038,381,240,1805
83108,387,326,1772
83118,382,343,1791
83157,404,365,1769
83198,409,409,1766
83237,391,298,1788
83278,381,383,1803
83317,386,387,1788
83434,384,394,1790
83449,382,333,1778
83500,370,362,1807
83508,372,354,1800
83517,377,369,1807
83588,371,352,1787
83598,363,331,1776
83638,374,292,1800
83677,380,294,1804
83717,356,277,1802
83757,375,270,1805
83797,406,257,1831
83837,363,274,1766
83911,337,215,1785
83918,349,243,1771
83958,333,208,1801
83997,330,214,1831
84042,345,295,1791
84099,281,303,1802
84150,382,690,1743
84161,423,546,1691
84198,452,-438,1771
84238,340,-717,2039
84310,319,-476,1627
84318,241,-218,1820
84349,287,1457,1853
84398,528,-616,1557
84438,382,605,1834
84478,407,312,1906
84518,641,-175,1701
84558,438,1032,1789
84598,428,330,1662
84639,303,10,1910
84743,349,402,1838
84749,369,368,1864
84759,333,425,1769
84789,333,437,1775
84838,452,211,1746
84898,351,111,2011
84909,344,250,1917
84949,340,180,1715
84999,1195,700,2239
85043,396,-210,1717
85109,168,139,1837
85121,100,134,1916
85211,203,492,1642
85218,261,545,1556
85238,191,645,1395
85278,132,-193,2590
85318,739,396,1588
85358,425,225,1704
85399,-252,720,1806
85438,105,-605,1603
85504,761,428,1558
85518,771,-3,1522
85558,279,-1126,2209
85599,611,430,1592
85639,492,623,1916
85701,447,281,1801
85711,476,393,1808
85762,118,209,2211
85819,586,63,1679
85862,563,-193,1649
85920,445,-37,1715
85928,446,14,1725
85960,483,127,1688
85990,399,244,1702
86039,289,84,1810
86080,261,-24,1776
86119,-203,-185,2342
86150,114,318,1976
86200,246,-425,1425
86239,316,191,2353
86300,590,20,1392
86309,359,198,1744
86359,177,209,1675
86411,71,224,1629
86450,759,402,1840
86501,612,260,1331
86509,410,-74,1859
86559,614,357,1656
86600,525,781,1597
86630,546,314,1844
86705,362,411,1668
86712,349,507,1661
86750,347,751,1761
86800,444,539,1751
86840,425,-52,1833
86880,377,366,1824
86920,198,481,1851
86950,398,499,1839
87000,354,57,1537
87053,318,454,2015
87100,500,259,1792
87151,448,340,1780
87161,432,505,1809
87212,317,170,1902
87230,377,249,1797
87280,-22,-423,2128
87320,391,795,1591
87360,362,224,1837
87400,571,555,1781
87440,537,475,1765
87510,460,204,1868
87520,406,316,1872
87549,384,36,1650
87600,368,295,1740
87630,413,14,1621
87670,388,30,1901
87761,672,138,1699
87770,645,67,1604
87821,291,-81,1870
87873,484,25,1736
87913,364,34,1961
87923,390,28,1881
87950,486,246,1791
87991,521,376,1737
88031,503,195,1855
88071,497,-35,1803
88111,306,51,1884
88151,412,201,1590
88201,389,196,1838
88230,586,34,1749
88310,241,-340,1891
88320,206,-332,1814
88350,293,157,1992
88390,594,292,1676
88473,337,-100,1812
88482,358,-22,1780
88533,300,154,1868
88574,395,337,1812
88593,436,263,1797
88631,475,99,1804
88670,473,88,1820
88722,300,-20,1880
88750,376,528,1802
88790,392,-3,1845
88830,423,309,1654
88870,323,150,1825
88910,476,61,1666
88950,199,114,1966
88990,340,351,1887
89030,538,418,1782
89096,303,102,1814
89111,318,56,1899
89151,452,164,1858
89191,575,194,1728
89240,162,-129,1981
89270,585,55,1599
89311,484,26,1934
89382,436,327,1694
89392,401,502,1701
89462,243,-91,1796
89543,141,285,2050
89554,906,256,1586
89556,920,231,1588
89643,205,-596,1948
89647,343,-364,1850
89671,527,0,1523
89711,245,222,1885
89751,509,234,1995
89791,724,283,1708
89831,723,539,1605
89906,638,570,1295
89911,501,646,1459
89951,520,-20,1894
89992,412,368,1887
90031,354,-9,1730
90071,386,281,1857
90143,309,-358,1914
90152,253,-142,1939
90333,555,205,1854
90343,530,281,1837
90351,546,418,1706
90361,561,591,1599
90371,581,442,1390
90391,310,297,1732
90431,267,51,1899
90471,392,-64,1787
90511,401,12,1782
90551,427,107,1810
90591,440,101,1808
90631,457,85,1817
90696,421,243,1834
90711,417,334,1811
90751,460,195,1913
90791,509,93,1839
90831,362,209,1481
90874,292,300,1791
90922,156,-624,1842
90963,346,268,1669
90991,395,84,1674
91031,27,-658,2213
91112,350,41,1830
91122,320,6,1832
91151,332,-2,1783
91191,382,-38,1584
91231,35,284,2066
91271,104,-404,2165
91311,477,-57,1325
91351,100,-95,1791
91391,300,185,1959
91431,340,35,1827
91494,544,323,1843
91542,659,884,1816
91585,700,924,1602
91594,213,-1307,2315
91656,598,489,1656
91672,474,-54,1681
91712,576,431,1856
91752,450,543,1896
91792,442,21,1822
91832,246,499,1805
91904,441,295,1782
91913,475,258,1757
91952,472,595,1620
91992,-136,-439,2072
92032,395,156,1749
92072,542,505,1644
92112,397,429,1822
92152,316,78,1812
92197,387,681,1849
92244,578,96,1693
92336,332,-354,1654
92340,379,-195,1590
92352,156,725,1653
92392,371,459,1906
92432,398,-772,1538
92472,347,419,1885
92512,445,-304,1982
92552,569,-67,1528
92592,481,965,1710
92632,445,430,1733
92703,453,583,1952
92713,500,478,2009
92753,594,-581,1831
92792,371,-363,1812
92832,217,-249,1807
92895,227,1471,1502
92952,643,-102,1933
92967,686,68,1799
93014,261,83,1953
93033,183,-361,2012
93072,226,19,1559
93118,194,770,1829
93152,383,83,1911
93192,729,102,1761
93232,610,551,1533
93272,499,450,1943
93313,398,-91,1931
93352,473,821,1941
93392,-26,-810,2116
93433,530,442,1670
93496,457,488,1816
93513,442,461,1804
93553,384,-42,1700
93593,80,876,1921
93664,303,81,1447
93674,379,45,1471
93713,549,336,1823
93754,693,111,1640
93804,-3,-889,2201
93866,555,-149,1945
93876,499,224,1828
93913,471,151,1637
93956,-373,-386,2188
94041,213,226,2266
94046,237,89,2644
94073,723,44,1764
94113,771,432,1648
94154,370,-663,2070
94193,549,587,2000
94233,453,26,1763
94307,192,145,1621
94313,113,47,1573
94353,-885,-449,1868
94393,-45,1031,1729
94434,112,-234,2109
94473,714,400,1589
94514,726,-734,1326
94553,81,342,2378
94605,606,58,1998
94655,422,219,1712
94744,441,800,1858
94754,547,425,1648
94773,304,224,1782
94794,448,-84,1867
94833,563,-228,1623
94874,75,949,2045
94913,363,-485,1906
94954,505,217,1776
94993,338,139,1762
95034,514,-129,1849
95114,398,-89,2152
95123,409,-196,2126
95153,371,21,1869
95194,435,111,1583
95234,477,-55,1840
95288,512,110,1649
95344,371,-31,1860
95388,210,564,1820
95395,-43,888,2061
95434,244,-138,2150
95475,425,-64,1402
95548,525,-153,1728
95555,542,-129,1698
95594,587,65,1871
95634,606,255,1881
95675,282,-449,2330
95714,681,179,1837
95755,600,-208,1742
95794,572,87,1650
95835,360,161,1721
95905,313,132,1694
95949,171,324,1775
95956,248,601,1765
96018,-275,-286,2188
96077,76,-299,1568
96085,-32,-510,1537
96115,236,346,1524
96154,524,198,2066
96195,778,109,1650
96235,458,-854,2421
96299,790,279,1742
96315,739,990,1653
96355,632,-191,1825
96395,223,129,1913
96435,-63,435,1630
96475,-1049,-809,1967
96515,29,837,1490
96555,261,-163,1999
96626,729,-344,1399
96686,194,271,2412
96729,489,63,1653
96734,426,92,1824
96787,510,77,1745
96795,449,1,1688
96835,328,31,1683
96875,241,238,1921
96915,280,551,1982
96955,490,-106,1779
96995,418,-583,1915
97035,366,142,1864
97101,16,1839,1925
97115,173,439,2133
97155,590,86,1586
97195,429,239,1845
97236,597,-327,2003
97276,575,-129,1596
97351,325,-191,1889
97356,337,-224,1893
97408,246,181,1925
97466,189,261,1709
97506,131,70,1776
97517,-339,-281,2246
97556,290,444,1715
97596,290,-250,1847
97636,614,467,1626
97676,292,-418,2330
97716,132,109,1586
97756,301,509,1381
97796,525,41,1773
97836,402,319,1890
97907,420,13,1804
97916,575,-340,1767
97956,301,-213,1388
97995,279,589,1639
98057,769,94,1839
98075,729,189,1702
98116,627,697,1960
98157,-531,-752,2763
98208,820,833,1618
98277,478,353,1670
98330,455,503,1783
98377,439,151,1734
98385,440,102,1731
98396,432,50,1736
98471,205,223,1885
98475,213,185,1905
98515,242,137,1870
98555,296,91,1848
98595,353,155,1814
98635,385,228,1814
98675,299,108,1858
98727,381,141,1778
98755,315,134,1913
98795,231,205,1807
98835,270,349,1795
98875,133,267,1866
98915,408,6,1962
98955,649,284,1817
99029,300,110,2114
99037,105,-194,2264
99119,551,285,1718
99123,515,283,1697
99179,530,453,1806
99230,471,440,1785
99236,460,292,1751
99277,441,543,1692
99316,359,166,1732
99356,-63,562,1991
99396,484,138,1677
99436,398,70,1505
99508,566,100,1781
99518,561,109,1781
99556,483,382,1739
99596,384,178,1815
99636,346,502,1832
99676,417,443,1777
99716,425,406,1749
99780,428,616,1770
99829,588,229,1868
99872,478,-335,1708
99878,415,-364,1737
99918,353,17,1905
99956,432,918,1302
99996,256,362,1933
100036,297,90,1481
100076,503,1065,1641
100116,654,303,1738
100156,602,277,1780
100196,481,309,1870
100236,-184,-21,2054
100301,250,-399,1599
100318,306,299,1476
100356,388,742,1845
100420,736,568,1739
100468,758,515,1722
100477,755,132,1569
100519,391,-1058,2198
100556,719,1187,1805
100596,576,1,1646
100636,395,666,1777
100702,-560,-1226,2268
100718,-514,-311,2269
100756,459,438,1578
100796,389,-108,2100
100836,685,72,1655
100876,556,349,1640
100916,1,777,2297
100956,669,-66,1761
100996,415,-118,1401
101073,582,-172,1724
101110,672,186,1796
101122,679,373,1777
101157,627,963,1791
101232,356,834,2103
101239,652,1442,1874
101276,460,165,1530
101316,499,124,1793
101356,489,441,1763
101396,428,346,1680
101437,409,140,1703
101502,276,564,1808
101518,260,620,1894
101556,298,402,1865
101598,305,264,1844
101638,416,390,1731
101678,355,314,1773
101718,363,467,1790
101790,436,304,1799
101798,424,327,1821
101849,361,498,1789
101889,287,537,1708
101944,184,465,1798
101988,478,31,1900
102000,532,-185,2028
102048,633,-113,1758
102078,589,266,1890
102117,438,-7,1452
102158,76,753,2387
102197,508,-271,1833
102238,563,301,1333
102309,614,176,1567
102317,648,111,1594
102358,666,10,1421
102397,667,438,1559
102450,-88,981,1518
102478,211,290,1891
102518,509,418,1679
102590,445,406,1776
102603,453,536,1775
102697,535,986,1518
102707,648,1006,1407
102717,718,807,1225
102757,-138,-363,2091
102830,378,56,1859
102834,397,17,1887
102877,378,483,1799
102917,528,778,1641
102957,529,712,1605
102997,405,819,1722
103037,413,694,1709
103107,304,334,1783
103119,341,310,1791
103157,374,307,1792
103232,388,503,1765
103238,386,524,1774
103283,394,575,1735
103330,334,532,1706
103358,327,302,1798
103397,401,286,1766
103437,448,602,1699
103508,516,385,1800
103519,561,265,1802
103557,546,650,1806
103597,383,50,1571
103637,239,385,1886
103678,394,377,1565
103717,394,25,1926
103757,483,565,1760
103797,516,455,1694
103871,449,654,1718
103880,453,541,1753
103933,396,396,1751
103989,385,451,1745
104049,438,509,1752
104061,440,465,1766
104077,429,456,1753
104118,420,490,1788
104157,384,515,1737
104198,370,400,1752
104238,372,496,1800
104308,458,551,1671
104328,456,252,1621
104359,-12,8,1909
104399,627,568,1584
104439,358,364,1790
104479,282,251,1868
104519,428,342,1764
104559,494,447,1752
104611,399,614,1730
104670,363,456,1769
104730,408,442,1763
104771,373,331,1805
104783,330,352,1790
104792,325,362,1806
104838,380,415,1773
104878,384,433,1770
104918,352,421,1778
104958,372,461,1760
104999,386,452,1787
105038,376,480,1770
105101,365,443,1759
105118,380,458,1767
105158,374,468,1767
105198,362,476,1764
105238,353,495,1758
105278,372,469,1758
105341,377,451,1776
105401,365,455,1768
105411,363,463,1768
105458,356,467,1769
105472,365,470,1761
105542,365,433,1758
105554,365,462,1772
105598,367,489,1744
105639,371,482,1751
105678,365,455,1789
105719,338,445,1780
105758,363,468,1750
105798,337,513,1770
105839,331,471,1759
105911,339,476,1785
105919,337,479,1785
105959,339,459,1788
106020,332,395,1839
106032,338,287,1834
106071,344,248,1866
106167,270,240,1700
106172,253,215,1708
106223,285,190,1734
106231,67,84,1811
106280,274,108,1767
106322,-183,-257,2237
106349,231,345,1657
106398,-49,-156,1579
106439,240,23,1990
106480,710,499,1837
106510,704,443,1674
106559,314,-429,2406
106590,682,645,1777
106639,411,111,1648
106701,301,249,1739
106718,255,372,1709
106749,242,307,1598
106790,235,144,1678
106852,311,151,1749
106870,332,170,1797
106910,362,157,1749
106950,465,353,2167
107012,475,214,1933
107030,475,340,1825
107070,524,300,1804
107111,509,426,1967
107156,443,431,1587
107198,59,-92,2137
107231,676,701,1460
107280,474,160,1832
107310,394,415,1817
107350,305,276,1934
107390,423,572,1723
107439,196,-134,1576
107491,571,563,1838
107511,404,240,1545
107560,461,98,1823
107600,549,146,1776
107640,404,1001,2136
107742,602,-519,1438
107784,487,584,1519
107791,481,327,1472
107799,456,95,1430
107839,232,89,1660
107870,162,292,1900
107940,-846,-567,2497
107953,-492,79,2354
107990,107,210,1688
108030,397,393,1544
108070,424,161,1945
108110,705,40,1912
108160,698,410,1604
108200,-149,298,2297
108240,508,613,1480
108311,426,440,2114
108350,500,540,2085
108362,701,130,1575
108416,160,-835,2336
108430,231,-155,2234
108471,482,534,1581
108510,431,60,1893
108550,467,258,1765
108591,455,376,1764
108630,466,229,1799
108693,409,143,1700
108710,361,294,1786
108750,405,222,1866
108791,322,242,1991
108831,273,101,1755
108871,140,-31,2057
108911,378,157,1779
108951,462,30,1841
109023,177,313,1954
109072,302,133,1696
109111,360,210,1624
109123,407,238,1837
109184,669,236,1756
109193,684,365,1713
109231,485,253,1635
109270,52,-647,2255
109310,331,-317,1794
109350,403,312,1791
109390,329,23,1654
109430,-371,-715,2298
109493,330,1094,1504
109510,485,-218,1678
109550,275,-679,1884
109591,499,593,1714
109631,-176,263,2165
109670,346,259,1625
109711,413,243,1663
109757,740,30,1764
109813,517,-388,1808
109851,213,124,2142
109911,417,70,1753
109962,439,123,1824
110001,445,329,1813
110006,460,316,1799
110030,464,144,1802
110070,441,98,1745
110110,434,261,1774
110150,399,172,1836
110192,405,220,1860
110232,387,131,1826
110294,387,335,1841
110313,343,256,1823
110351,311,-68,1812
110392,364,242,1780
110431,311,416,1850
110471,422,163,1822
110511,22,-153,2017
110555,238,691,1635
110641,268,-75,2162
110651,804,525,1734
110706,511,-642,2054
110712,387,-675,2145
110752,590,116,1669
110791,462,242,1837
110831,439,300,1674
110872,99,3,1641
110911,-614,-876,2314
110951,112,-280,1412
110991,332,462,2135
111031,797,556,1473
111095,122,-837,2543
111145,513,359,1977
111152,469,1176,1703
111191,523,148,1734
111231,496,33,1875
111292,228,490,1898
111311,-92,1138,2312
111351,414,-482,1903
111391,518,-392,1387
111441,431,0,1751
111509,496,300,1643
111513,524,283,1598
111563,-244,-627,2514
111604,322,-63,1619
111631,607,598,1692
111671,564,-240,1794
111711,425,33,1839
111751,432,182,1679
111791,77,-38,2208
111831,475,-20,1701
111896,325,-238,1998
111911,422,-146,1955
111951,446,-157,1760
111991,400,15,1876
112032,435,-96,1843
112114,150,329,1570
112123,146,762,1540
112174,417,28,1853
112223,656,69,1587
112234,432,719,1616
112272,-3,-458,2163
112316,380,95,1448
112352,367,747,1637
112392,331,145,2040
112433,776,-28,1902
112472,700,306,1542
112512,555,437,1667
112552,463,-34,1822
112592,359,288,1898
112632,430,300,2002
112692,292,550,1750
112712,200,284,1914
112785,361,193,1778
112795,300,185,1830
112838,500,64,1737
112904,358,-26,1774
112914,342,52,1751
112952,-263,-910,2285
112992,362,247,1599
113032,412,93,1784
113095,528,0,1752
113113,438,95,1832
113153,394,-19,1759
113192,-56,1008,2185
113232,560,-247,1977
113272,592,211,1740
113312,416,497,1600
113353,135,-160,1875
113392,352,20,1786
113466,401,275,1876
113473,376,266,1778
113516,204,-261,1813
113559,442,-174,1574
113617,203,108,2256
113664,560,-19,1717
113674,558,88,1773
113722,560,12,1797
113752,425,226,1658
113792,142,-853,2205
113832,323,57,1660
113904,413,-252,1830
113912,422,-267,1827
113952,341,-59,1759
113993,322,-146,1783
114033,297,-131,1851
114073,318,-133,1901
114113,359,-457,1816
114153,364,-125,1833
114193,381,-733,1883
114264,452,-212,1886
114307,416,-422,1809
114315,177,1146,1610
114368,337,183,1755
114413,474,-46,1963
114433,558,-128,1947
114473,701,-195,1845
114513,581,340,1559
114553,468,612,1705
114593,408,-59,1859
114633,396,124,1869
114695,459,-218,1622
114713,321,-455,2017
114753,464,248,1814
114793,299,-701,1734
114833,477,209,1636
114873,293,-19,1645
114948,250,41,1797
114955,340,145,1586
115006,497,299,1684
115048,446,-346,1732
115123,493,34,1933
115134,584,-68,1851
115153,445,-693,1820
115193,362,-28,1938
115233,106,1049,1992
115274,211,146,2103
115313,515,519,1619
115354,496,283,1711
115393,711,76,1630
115433,753,153,1603
115496,664,-270,1694
115515,635,-215,1785
115554,565,-330,1913
115594,418,-228,1834
115635,345,-214,1860
115674,429,-149,1720
115714,341,-6,1580
115786,210,469,1518
115824,239,630,1780
115835,351,685,1484
115877,354,279,995
115914,881,861,1726
115954,432,1425,1133
116034,521,879,1540
116044,511,767,1603
116075,545,554,1652
116114,568,563,1711
116154,549,477,1680
116194,568,688,1649
116234,618,769,1632
116299,607,811,1599
116315,624,828,1629
116354,597,687,1635
116435,601,889,1638
116480,484,882,1593
116485,505,844,1595
116525,455,1081,1608
116554,505,1180,1754
116594,388,1382,1676
116634,507,1008,1572
116699,952,993,1360
116714,985,951,1385
116754,860,920,1496
116795,888,691,1413
116834,1054,623,1345
116875,1110,617,1422
116914,1211,704,1510
116954,1208,766,1455
116995,996,1022,1637
117034,1047,163,1472
117117,988,806,1362
117122,981,786,1360
117175,971,757,1225
117229,1013,610,1155
117240,1030,630,1114
117295,1000,822,1112
117314,957,952,1183
117354,925,1062,1106
117395,942,1040,1196
117435,875,1030,1319
117497,803,1069,1703
117515,389,26,1902
117555,817,328,1656
117595,837,321,1666
117635,702,936,1607
117675,684,842,1449
117715,659,899,1463
117755,708,1101,1370
117837,737,1212,1421
117886,767,1200,1464
117896,750,1191,1412
117976,777,1167,1423
117986,792,1173,1424
118030,785,1126,1367
118035,784,1129,1365
118075,733,1074,1348
118116,700,1116,1333
118155,633,1191,1284
118195,649,1236,1295
118235,684,1202,1245
118306,737,1378,1333
118315,740,1364,1320
118355,653,1209,1351
118396,640,1038,1345
118435,633,985,1421
118476,703,1122,1364
118516,798,1344,1259
118580,819,1218,1229
118627,864,1298,1239
118675,890,1302,1241
118686,907,1280,1213
118730,869,1280,1246
118756,817,1217,1245
118795,816,1092,1277
118836,883,1101,1256
118876,896,1057,1323
118916,857,1119,1387
118956,845,1076,1439
118996,823,954,1434
119036,817,935,1485
119100,885,879,1430
119115,837,906,1499
119156,797,882,1561
119218,741,709,1660
119269,741,541,1753
119276,739,540,1779
119318,738,643,1846
119356,766,632,1815
119396,790,509,1700
119435,829,417,1587
119506,682,977,1307
119515,684,1045,1294
119555,634,1283,1161
119595,564,1398,1091
119635,516,1451,1009
119677,491,1429,982
119717,501,1432,946
119757,468,1515,947
119797,442,1496,978
119867,382,1520,1003
119908,301,1630,1030
119917,283,1664,973
119956,273,1833,1046
119996,242,1939,1026
120056,258,1157,1237
120077,253,354,1376
120117,575,534,1122
120188,723,1657,645
120198,911,2062,507
120259,828,1985,633
120276,817,1872,673
120317,649,1705,667
120356,574,1964,693
120439,941,1334,561
120448,887,1472,479
120477,937,1831,289
120517,1032,1766,87
120557,1044,1988,1
120596,1050,1853,26
120637,1053,1992,48
120706,971,2785,-33
120717,883,2861,-31
120756,1108,1903,64
120812,1185,20,656
120868,579,21,1506
120878,522,-260,1556
120929,626,343,1786
120979,577,-257,1698
120996,515,-348,1716
121036,549,-96,1703
121076,371,-972,1626
121121,429,-805,1587
121156,405,-1151,1526
121196,397,-904,1562
121236,372,-1202,1428
121276,243,-1306,1393
121316,183,-1268,1358
121356,67,-1409,1306
121396,-54,-1545,1239
121436,-193,-1502,1201
121530,-267,-1737,1086
121541,-286,-1727,1071
121559,-276,-1740,1049
121611,-266,-1816,1044
121671,-353,-1629,1044
121717,-390,-1717,1071
121727,-396,-1720,1057
121757,-490,-1721,978
121797,-536,-1651,1082
121837,-331,-1145,1301
121902,-442,-1364,1269
121917,-440,-1334,1262
121957,-467,-1216,1247
121997,-429,-1427,1266
122037,-456,-1378,1312
122077,-480,-1275,1370
122117,-445,-1107,1436
122157,-437,-924,1451
122197,-460,-1257,1471
122259,-411,-909,1577
122311,-408,-651,1625
122365,-357,-386,1693
122369,-342,-385,1702
122418,-365,-353,1731
122437,-373,-315,1744
122477,-366,-359,1740
122517,-307,-553,1860
122557,-453,-754,1877
122597,-541,-787,1929
122637,-474,-687,1806
122702,-175,553,1327
122717,-211,984,1233
122757,29,1317,925
122798,258,1736,700
122838,405,1902,230
122878,445,1887,-50
122918,483,1929,-71
122960,489,1916,-295
123018,465,2114,-505
123060,488,2012,-556
123109,418,2149,-502
123150,368,2068,-504
123157,397,1992,-489
123198,376,2135,-469
123238,382,2257,-515
123278,444,1986,-399
123318,371,2202,-358
123358,413,2071,-297
123398,357,1847,10
123438,293,1713,234
123505,317,1854,151
123519,278,1919,134
123558,400,1916,115
123598,548,1937,141
123638,351,2057,57
123722,507,1990,-32
123733,530,2211,-120
123784,606,2017,14
123798,618,2011,79
123838,621,1984,173
123878,620,1919,276
123940,615,1919,358
123958,740,1782,442
123998,820,1644,549
124038,835,1594,501
124078,923,1553,543
124118,992,1566,531
124158,1056,1536,510
124198,1085,1534,498
124238,1061,1571,475
124304,1042,1555,368
124340,1015,1690,252
124350,1042,1858,168
124389,1119,2057,120
124478,1112,1363,548
124488,1089,1274,709
124509,831,463,951
124549,330,-855,1910
124591,225,73,2016
124631,301,537,1879
124682,481,196,1850
124718,484,498,1776
124758,359,553,1776
124824,507,694,1741
124838,483,516,1712
124878,558,521,1707
124918,478,649,1637
124959,501,629,1722
124998,446,593,1698
125039,419,568,1668
125107,282,463,1627
125111,262,456,1629
125160,140,565,1618
125190,123,499,1675
125250,46,542,1648
125288,-108,862,1474
125340,-12,1053,1435
125390,-153,1488,1121
125438,-195,1673,984
125443,-196,1691,965
125480,-297,1753,802
125544,-338,1890,812
125549,-368,1876,823
125600,-385,1622,849
125630,-435,1535,847
125680,-437,1670,774
125720,-312,1479,805
125760,-85,1572,1099
125790,-308,1968,764
125830,-178,2198,887
125905,-416,1598,888
125912,-435,1583,936
125992,-431,1401,1064
125999,-438,1394,1077
126045,-467,1330,1156
126091,-537,1325,1189
126120,-546,1233,1206
126150,-544,1192,1232
126190,-554,1180,1286
126230,-551,1164,1256
126300,-552,1195,1261
126311,-548,1205,1259
126359,-549,1212,1274
126399,-569,1155,1304
126430,-605,983,1331
126480,-616,868,1419
126519,-622,950,1401
126550,-608,928,1433
126641,-632,866,1463
126686,-658,893,1477
126731,-654,856,1456
126741,-627,862,1479
126792,-641,663,1510
126799,-618,673,1509
126839,-654,674,1525
126870,-656,646,1546
126919,-655,491,1574
126960,-662,344,1600
126990,-710,277,1639
127030,-691,226,1653
127112,-683,263,1650
127121,-692,251,1613
127151,-701,271,1626
127191,-692,223,1624
127230,-691,171,1662
127270,-708,149,1648
127341,-687,175,1644
127351,-695,173,1657
127402,-697,182,1638
127451,-697,174,1642
127505,-706,134,1656
127512,-705,135,1647
127550,-705,126,1646
127590,-703,112,1634
127630,-717,103,1641
127670,-712,105,1640
127710,-705,112,1640
127750,-718,86,1649
127790,-714,92,1647
127830,-719,74,1645
127902,-723,86,1630
127911,-730,79,1627
127950,-721,75,1640
128006,-733,104,1662
128065,-710,82,1644
128072,-707,88,1642
128116,-708,71,1637
128151,-718,59,1632
128190,-717,77,1650
128230,-731,61,1632
128295,-727,64,1654
128311,-712,56,1654
128350,-725,72,1639
128390,-706,81,1651
128430,-700,52,1650
128470,-752,51,1660
128511,-721,54,1625
128550,-735,52,1635
128590,-712,42,1658
128630,-729,71,1633
128677,-718,60,1649
128724,-735,58,1634
128750,-731,46,1654
128791,-711,46,1653
128862,-744,16,1631
128870,-739,1,1613
128912,-716,-27,1661
128950,-731,-61,1654
129015,-731,-58,1658
129065,-741,-59,1659
129073,-723,-54,1656
129113,-724,-75,1640
129166,-742,-102,1651
129223,-728,-82,1639
129231,-722,-71,1638
129271,-720,-83,1632
129312,-719,-123,1644
129352,-729,-135,1631
129391,-737,-123,1647
129431,-732,-142,1634
129503,-729,-196,1651
129513,-748,-191,1635
129551,-745,-74,1652
129591,-724,-145,1636
129631,-704,-135,1645
129672,-747,-117,1638
129722,-732,-136,1662
129777,-724,-136,1644
129823,-716,-76,1638
129831,-737,-85,1618
129871,-753,-131,1641
129933,-740,-125,1650
129951,-748,-147,1655
129991,-720,-135,1615
130031,-747,-200,1632
130072,-732,-206,1622
130112,-738,-186,1652
130151,-714,-218,1618
130191,-713,-247,1643
130232,-731,-283,1616
130304,-734,-291,1633
130312,-725,-287,1642
130377,-735,-289,1611
130394,-725,-282,1616
130438,-732,-300,1628
130473,-715,-284,1626
130511,-735,-258,1618
130552,-759,-292,1628
130591,-746,-255,1624
130631,-732,-228,1577
130697,-748,-246,1616
130713,-741,-240,1633
130751,-748,-242,1626
130791,-750,-260,1621
130832,-748,-220,1637
130871,-741,-196,1618
130912,-752,-243,1650
130951,-736,-200,1637
131033,-740,-223,1625
131043,-727,-171,1622
131116,-710,-1,1647
131127,-720,1,1612
131183,-704,-98,1621
131227,-744,-68,1620
131238,-746,-67,1640
131273,-747,-260,1648
131313,-729,-282,1691
131352,-743,-144,1633
131392,-710,-148,1626
131433,-752,-193,1635
131498,-738,-144,1616
131513,-706,-143,1671
131552,-755,-184,1627
131592,-700,-122,1638
131632,-777,-196,1612
131672,-712,-142,1634
131712,-713,-171,1674
131843,-729,-156,1639
131887,-730,-142,1659
131893,-724,-89,1619
131903,-734,-101,1656
131913,-718,-143,1641
131952,-730,-147,1658
132023,-730,-170,1645
132034,-733,-158,1633
132072,-713,-137,1667
132112,-731,-148,1625
132152,-731,2,1634
132192,-715,-53,1664
132232,-764,-178,1674
132295,-656,-4,1680
132314,-795,-121,1611
132352,-721,-104,1632
132392,-769,-110,1636
132443,-730,-107,1651
132488,-727,-117,1662
132549,-716,-113,1653
132553,-725,-136,1650
132603,-753,-193,1619
132632,-711,-151,1652
132695,-708,-92,1595
132714,-698,-132,1652
132752,-649,-82,1666
132792,-747,-122,1655
132832,-809,-174,1622
132872,-738,-218,1650
132912,-728,-208,1653
132952,-704,-204,1669
132993,-740,-201,1647
133033,-719,-190,1636
133104,-744,-250,1698
133153,-727,-235,1680
133163,-734,-265,1653
133194,-699,-199,1658
133233,-740,-204,1611
133283,-748,-181,1624
133312,-729,-189,1639
133353,-741,-197,1640
133399,-725,-239,1630
133454,-722,-194,1633
133500,-741,-195,1631
133553,-739,-189,1647
133597,-751,-237,1642
133602,-750,-246,1656
133634,-758,-285,1627
133674,-724,-214,1653
133714,-727,-180,1610
133754,-729,-250,1637
133794,-739,-236,1657
133834,-751,-264,1622
133905,-725,-228,1628
133915,-741,-209,1627
133953,-724,-229,1633
133994,-743,-177,1622
134033,-738,-188,1639
134097,-735,-226,1643
134195,-718,-277,1661
134196,-723,-277,1666
134204,-734,-271,1645
134234,-738,-198,1620
134274,-720,-195,1632
134346,-713,-239,1642
134355,-719,-242,1648
134393,-720,-228,1646
134434,-725,-222,1629
134474,-725,-240,1636
134513,-721,-225,1652
134553,-739,-234,1606
134593,-734,-193,1639
134633,-738,-205,1643
134700,-750,-201,1643
134744,-748,-227,1631
134756,-730,-237,1633
134816,-726,-220,1602
134867,-731,-211,1632
134875,-755,-190,1630
134914,-740,-198,1638
134954,-719,-209,1654
134994,-726,-186,1635
135034,-749,-216,1647
135100,-738,-210,1647
135118,-742,-211,1633
135155,-743,-229,1620
135194,-717,-207,1625
135234,-740,-188,1629
135274,-732,-243,1648
135314,-702,-196,1649
135354,-739,-179,1636
135418,-721,-205,1653
135435,-724,-203,1643
135476,-719,-174,1627
135529,-709,-120,1641
135597,-728,-178,1627
135607,-720,-181,1646
135634,-746,-170,1645
135674,-695,-190,1650
135714,-719,-184,1640
135754,-733,-193,1653
135794,-728,-186,1634
135834,-729,-160,1637
135906,-727,-189,1660
135914,-743,-176,1627
135954,-734,-170,1635
135994,-721,-185,1632
136034,-725,-185,1629
136074,-725,-177,1613
136155,-724,-252,1634
136158,-733,-250,1642
136209,-739,-273,1646
136278,-756,-285,1617
136321,-750,-291,1629
136361,-734,-257,1643
136367,-743,-263,1640
136394,-734,-239,1613
136434,-727,-242,1619
136474,-727,-284,1643
136514,-742,-342,1627
136554,-732,-257,1635
136594,-708,-228,1602
136634,-732,-258,1640
136697,-743,-300,1639
136716,-746,-297,1624
136756,-699,-300,1634
136796,-736,-214,1634
136835,-755,-243,1592
136876,-729,-263,1616
136928,-735,-240,1643
136989,-715,-310,1634
137031,-718,-294,1619
137086,-721,-231,1632
137095,-708,-238,1632
137137,-756,-289,1628
137158,-701,-284,1656
137196,-739,-197,1640
137235,-750,-246,1631
137275,-701,-273,1625
137315,-725,-180,1650
137355,-747,-274,1628
137395,-738,-283,1645
137435,-717,-185,1639
137507,-728,-289,1658
137516,-724,-297,1656
137555,-738,-274,1652
137595,-726,-304,1642
137658,-744,-287,1610
137676,-730,-306,1623
137716,-716,-342,1619
137786,-727,-286,1622
137797,-710,-346,1651
137908,-735,-233,1637
137915,-733,-221,1625
137925,-754,-241,1624
137955,-743,-279,1623
137995,-735,-247,1638
138040,-603,-451,1766
138075,-749,-76,1603
138115,-729,-311,1669
138155,-760,-274,1662
138195,-745,-184,1615
138235,-703,-248,1659
138307,-709,-135,1635
138317,-753,-174,1644
138355,-740,-242,1606
138395,-719,-266,1618
138457,-733,-345,1607
138508,-737,-319,1616
138557,-736,-316,1605
138607,-729,-320,1634
138617,-740,-337,1632
138636,-715,-325,1623
138676,-723,-369,1612
138758,-710,-360,1623
138766,-709,-379,1633
138796,-721,-389,1612
138836,-609,-259,1664
138876,-720,-413,1602
138916,-735,-382,1608
138956,-691,-319,1638
138996,-744,-361,1625
139036,-725,-357,1638
139108,-725,-332,1607
139118,-714,-342,1629
139168,-717,-306,1611
139218,-735,-323,1632
139270,-734,-262,1629
139279,-733,-249,1630
139316,-734,-259,1630
139356,-715,-281,1626
139396,-745,-264,1632
139436,-751,-189,1625
139501,-731,-274,1630
139518,-706,-232,1645
139556,-720,-185,1632
139596,-717,-244,1633
139636,-738,-270,1652
139676,-731,-211,1634
139716,-712,-200,1645
139756,-742,-294,1643
139827,-716,-244,1639
139869,-731,-256,1623
139876,-726,-244,1617
139929,-745,-270,1611
139980,-725,-236,1641
139992,-716,-242,1618
140036,-749,-282,1614
140076,-730,-201,1653
140116,-722,-267,1631
140156,-745,-169,1605
140196,-741,-215,1585
140236,-738,-217,1632
140309,-734,-159,1649
140319,-747,-144,1652
140357,-729,-204,1653
140397,-694,-220,1655
140437,-723,-133,1643
140477,-751,-267,1637
140552,-689,-159,1639
140590,-692,-151,1626
140597,-705,-140,1637
140660,-717,-132,1625
140671,-715,-148,1650
140711,-713,-202,1650
140750,-715,-165,1645
140797,-748,-140,1640
140837,-710,-125,1625
140877,-760,-188,1669
140917,-739,-294,1663
140957,-742,-189,1631
140997,-741,-84,1620
141037,-736,-150,1633
141108,-723,-109,1637
141120,-729,-124,1616
141157,-805,-221,1646
141197,-685,-585,1710
141254,-579,-76,1634
141301,-623,-297,1626
141311,-727,-426,1677
141350,-583,67,1696
141397,-497,59,1645
141437,-451,-109,1743
141490,-610,-214,1690
141510,-682,-129,1723
141557,-757,-155,1681
141597,-784,-216,1652
141637,-710,-74,1622
141677,-698,-25,1605
141717,-776,-65,1606
141757,-774,-32,1628
141797,-757,-171,1612
141837,-727,-233,1595
141905,-792,-414,1573
141909,-764,-459,1580
141955,-776,-654,1592
141999,-785,-592,1610
142037,-825,-624,1538
142106,-736,-550,1553
142117,-744,-589,1533
142157,-741,-584,1552
142198,-769,-598,1569
142268,-753,-503,1525
142311,-811,-614,1511
142322,-728,-719,1576
142358,-731,-575,1545
142409,-743,-469,1553
142459,-784,-532,1577
142479,-770,-555,1573
142518,-747,-533,1637
142559,-759,-501,1534
142599,-767,-497,1537
142638,-763,-551,1588
142710,-787,-446,1556
142718,-774,-434,1573
142758,-792,-500,1575
142799,-795,-511,1545
142859,-794,-497,1575
142872,-809,-495,1555
142922,-793,-488,1572
142989,-779,-517,1553
142998,-766,-490,1558
143038,-800,-511,1552
143078,-788,-523,1574
143148,-787,-508,1549
143158,-796,-517,1564
143198,-785,-524,1544
143239,-790,-510,1550
143278,-784,-547,1558
143319,-797,-540,1564
143358,-790,-490,1541
143399,-789,-503,1538
143439,-806,-512,1534
143533,-819,-495,1566
143538,-815,-486,1551
143550,-804,-501,1540
143605,-788,-541,1552
143664,-810,-515,1544
143672,-809,-513,1540
143718,-804,-533,1548
143758,-804,-530,1551
143799,-795,-517,1548
143839,-775,-533,1556
143900,-814,-526,1537
143918,-806,-536,1572
143959,-795,-517,1549
143990,-811,-537,1536
144039,-816,-535,1539
144079,-810,-533,1530
144119,-811,-544,1541
144150,-811,-528,1545
144223,-806,-535,1566
144231,-794,-542,1556
144274,-808,-531,1524
144323,-801,-519,1533
144381,-800,-545,1505
144390,-807,-536,1559
144442,-768,-596,1580
144470,-794,-525,1537
144510,-800,-543,1547
144550,-796,-512,1550
144600,-811,-530,1532
144630,-792,-529,1552
144700,-811,-530,1541
144720,-808,-524,1552
144750,-806,-542,1534
144790,-804,-539,1539
144830,-820,-531,1534
144870,-801,-530,1552
144910,-792,-537,1541
144982,-816,-535,1531
144992,-798,-535,1534
145051,-806,-529,1533
145096,-803,-538,1531
145176,-804,-539,1545
145191,-794,-536,1534
145199,-789,-519,1540
145230,-791,-545,1533
145270,-820,-549,1530
145310,-783,-516,1535
145350,-810,-538,1552
145390,-793,-529,1530
145439,-806,-541,1544
145501,-799,-525,1548
145519,-806,-539,1545
145559,-801,-527,1530
145599,-805,-550,1541
145639,-809,-541,1548
145679,-800,-529,1544
145742,-811,-522,1537
145753,-804,-535,1537
145792,-808,-542,1534
145836,-801,-543,1548
145884,-794,-532,1551
145924,-791,-522,1536
145950,-816,-540,1522
145991,-807,-533,1545
146031,-803,-530,1537
146071,-801,-539,1539
146111,-797,-532,1528
146151,-797,-543,1547
146191,-803,-530,1535
146231,-810,-541,1540
146301,-805,-536,1507
146311,-802,-535,1549
146351,-814,-544,1530
146400,-797,-544,1526
146450,-803,-554,1556
146471,-805,-537,1545
146512,-807,-557,1540
146550,-805,-523,1526
146641,-818,-522,1531
146653,-803,-541,1541
146704,-798,-552,1538
146712,-798,-544,1533
146750,-803,-550,1538
146803,-804,-545,1551
146830,-802,-545,1565
146870,-810,-549,1528
146910,-799,-537,1540
146950,-800,-547,1541
146990,-800,-544,1535
147030,-807,-545,1534
147101,-792,-561,1538
147110,-806,-547,1541
147150,-801,-537,1538
147190,-803,-548,1528
147254,-811,-545,1518
147294,-800,-531,1530
147311,-821,-555,1540
147362,-804,-537,1531
147390,-797,-550,1536
147430,-816,-546,1523
147512,-808,-548,1532
147521,-806,-554,1526
147550,-808,-546,1519
147591,-802,-559,1523
147631,-789,-541,1542
147671,-795,-572,1532
147711,-811,-551,1521
147751,-809,-535,1537
147791,-810,-541,1532
147831,-811,-558,1538
147935,-807,-567,1543
147941,-805,-562,1531
147996,-796,-534,1519
148003,-798,-533,1535
148054,-807,-545,1545
148101,-813,-552,1538
148111,-795,-546,1532
148151,-807,-552,1527
148191,-810,-540,1528
148231,-793,-546,1556
148294,-813,-553,1531
148311,-818,-558,1529
148351,-815,-529,1543
148391,-789,-532,1547
148431,-821,-554,1535
148471,-803,-530,1526
148511,-803,-547,1545
148551,-819,-548,1542
148591,-802,-552,1520
148642,-801,-546,1541
148684,-804,-539,1542
148814,-808,-546,1531
148823,-807,-539,1544
148831,-813,-537,1549
148841,-800,-530,1543
148871,-816,-554,1549
148911,-799,-566,1539
148952,-810,-539,1533
148991,-802,-561,1549
149031,-806,-546,1534
149103,-795,-556,1547
149111,-818,-556,1548
149151,-812,-538,1530
149192,-816,-535,1541
149232,-802,-549,1528
149272,-803,-540,1540
149312,-785,-540,1536
149360,-819,-561,1529
149454,-810,-537,1530
149455,-812,-553,1529
149505,-811,-543,1509
149512,-794,-548,1549
149552,-806,-551,1524
149592,-807,-555,1535
149632,-795,-553,1541
149672,-806,-532,1528
149712,-811,-549,1539
149752,-802,-538,1537
149792,-799,-547,1546
149832,-809,-541,1523
149897,-818,-541,1535
149913,-816,-537,1538
149952,-799,-562,1545
150004,-807,-553,1522
150057,-804,-570,1552
150095,-817,-540,1534
150113,-797,-543,1530
150152,-785,-536,1530
150192,-806,-541,1526
150233,-819,-543,1532
150297,-813,-535,1551
150312,-802,-559,1519
150352,-818,-536,1520
150393,-824,-539,1532
150432,-804,-541,1522
150473,-805,-543,1535
150512,-799,-545,1546
150552,-797,-533,1528
150592,-807,-556,1532
150658,-814,-540,1536
150672,-810,-550,1535
150713,-804,-548,1525
150752,-798,-561,1529
150833,-809,-553,1541
150842,-794,-544,1544
150873,-810,-531,1536
150913,-804,-554,1547
150958,-804,-544,1562
151006,-800,-555,1528
151065,-810,-546,1533
151075,-800,-545,1534
151113,-806,-534,1525
151152,-809,-542,1532
151207,-805,-540,1531
151234,-819,-529,1532
151274,-802,-551,1543
151314,-792,-541,1528
151354,-811,-531,1530
151393,-804,-558,1534
151434,-798,-557,1549
151503,-824,-547,1541
151513,-813,-537,1523
151553,-801,-543,1530
151635,-808,-533,1546
151689,-816,-528,1518
151694,-803,-524,1528
151744,-804,-546,1525
151758,-808,-537,1551
151793,-825,-539,1524
151833,-813,-516,1536
151908,-815,-536,1545
151914,-802,-524,1545
151954,-808,-565,1540
151994,-814,-485,1522
152033,-811,-573,1532
152073,-830,-548,1541
152113,-812,-528,1535
152153,-807,-533,1531
152194,-809,-540,1523
152233,-817,-511,1535
152326,-815,-546,1531
152335,-810,-531,1521
152354,-807,-517,1534
152406,-826,-544,1560
152466,-797,-533,1549
152509,-813,-544,1541
152514,-815,-543,1535
152553,-810,-546,1527
152594,-796,-510,1538
152633,-820,-542,1538
152697,-821,-530,1525
152713,-796,-563,1522
152753,-811,-456,1504
152793,-817,-590,1548
152833,-799,-535,1537
152874,-818,-528,1530
152914,-817,-571,1535
152953,-802,-521,1534
152993,-804,-529,1515
153057,-796,-509,1526
153077,-824,-527,1529
153156,-820,-551,1515
153200,-806,-525,1529
153206,-809,-541,1531
153295,-811,-530,1526
153314,-809,-534,1525
153324,-812,-542,1527
153354,-811,-541,1531
153394,-807,-540,1525
153434,-807,-532,1529
153505,-821,-554,1525
153514,-803,-554,1547
153555,-817,-535,1530
153594,-807,-548,1528
153634,-818,-536,1539
153674,-806,-551,1531
153714,-810,-543,1508
153754,-805,-555,1537
153795,-802,-521,1563
153937,-805,-590,1520
153974,-800,-541,1530
153979,-806,-515,1530
153989,-804,-505,1497
153995,-812,-506,1537
154034,-806,-552,1535
154074,-815,-541,1523
154115,-799,-534,1529
154154,-803,-550,1538
154195,-815,-546,1534
154234,-813,-537,1521
154297,-813,-546,1542
154316,-814,-552,1539
154354,-814,-535,1535
154395,-822,-534,1531
154434,-808,-539,1526
154474,-816,-571,1542
154536,-818,-548,1534
154587,-812,-539,1533
154625,-808,-530,1541
154635,-810,-544,1527
154674,-818,-545,1529
154737,-813,-562,1540
154755,-804,-519,1514
154795,-809,-527,1536
154835,-821,-577,1543
154875,-811,-522,1519
154915,-805,-546,1539
154955,-813,-564,1527
154995,-791,-529,1545
155035,-807,-534,1548
155098,-804,-521,1512
155115,-814,-518,1515
155156,-812,-560,1538
155196,-810,-543,1532
155245,-824,-550,1544
155276,-814,-571,1517
155316,-801,-531,1530
155356,-811,-532,1527
155400,-818,-552,1536
155458,-800,-546,1529
155518,-817,-542,1521
155529,-813,-550,1531
155556,-812,-559,1532
155599,-821,-546,1526
155635,-806,-544,1536
155675,-810,-563,1538
155716,-807,-553,1532
155755,-812,-539,1520
155795,-802,-528,1513
155836,-803,-567,1533
155898,-818,-534,1552
155915,-808,-578,1543
155955,-815,-529,1529
155996,-812,-541,1528
156076,-806,-533,1508
156127,-803,-552,1556
156137,-823,-554,1536
156189,-805,-535,1544
156197,-793,-529,1536
156246,-814,-564,1533
156275,-814,-561,1537
156330,-787,-553,1524
156355,-813,-549,1528
156395,-826,-554,1545
156435,-831,-556,1533
156475,-808,-501,1523
156515,-813,-584,1529
156555,-800,-529,1531
156596,-804,-545,1537
156636,-821,-571,1528
156701,-813,-543,1510
156716,-809,-550,1526
156787,-812,-538,1520
156838,-817,-546,1525
156877,-813,-547,1520
156926,-808,-531,1535
156937,-809,-547,1531
156956,-821,-536,1529
156996,-795,-538,1534
157036,-794,-544,1533
157104,-811,-525,1543
157116,-803,-520,1528
157156,-819,-545,1522
157196,-814,-550,1533
157236,-795,-519,1551
157276,-824,-574,1536
157316,-806,-540,1526
157356,-807,-509,1517
157396,-804,-552,1551
157469,-789,-491,1523
157517,-835,-578,1545
157528,-825,-607,1541
157572,-818,-542,1526
157610,-813,-517,1537
157636,-820,-552,1546
157676,-828,-555,1533
157716,-789,-544,1530
157756,-811,-556,1532
157796,-823,-553,1526
157836,-808,-502,1524
157908,-814,-562,1548
157918,-809,-535,1533
157956,-810,-527,1538
157996,-803,-578,1545
158036,-794,-546,1539
158076,-817,-547,1524
158116,-809,-564,1543
158169,-806,-520,1528
158223,-810,-566,1554
158268,-804,-531,1536
158277,-801,-530,1507
158329,-810,-561,1539
158356,-813,-566,1520
158397,-807,-538,1509
158436,-807,-522,1531
158478,-815,-578,1527
158518,-815,-523,1515
158557,-802,-532,1528
158597,-835,-541,1537
158637,-798,-529,1506
158699,-815,-578,1553
158717,-822,-596,1531
158758,-804,-503,1524
158831,-817,-573,1553
158838,-828,-534,1520
158890,-815,-544,1517
158941,-808,-548,1537
158952,-825,-546,1540
158997,-800,-532,1524
159038,-821,-546,1531
159108,-800,-558,1537
159118,-799,-544,1513
159157,-816,-540,1530
159197,-816,-575,1548
159238,-809,-542,1524
159277,-814,-534,1521
159317,-822,-563,1534
159357,-802,-543,1533
159398,-818,-545,1524
159438,-825,-571,1528
159498,-813,-504,1530
159537,-801,-572,1523
159550,-807,-596,1539
159597,-821,-515,1512
159637,-808,-553,1528
159688,-835,-527,1529
159718,-839,-527,1513
159757,-809,-606,1521
159840,-821,-573,1517
159849,-829,-582,1519
159900,-804,-548,1517
159957,-803,-542,1511
159968,-805,-575,1535
160039,-850,-666,1603
160049,-854,-661,1621
160078,-867,-318,1628
160118,-794,-244,1665
160158,-833,5,1808
160198,-1134,162,1690
160238,-1257,121,1875
160309,-948,290,1598
160319,-943,239,1723
160358,-876,-221,1775
160398,-613,62,1607
160439,-315,458,1624
160493,121,959,1323
160538,761,751,1180
160586,1030,911,1261
160590,1087,921,1254
160679,847,271,1582
160688,808,337,1594
160742,774,840,1503
160758,694,782,1491
160799,525,826,1606
160838,515,668,1641
160878,285,710,1758
160918,354,398,1781
160959,255,245,1866
160998,180,475,1811
161039,-77,1062,2283
161109,271,459,1754
161118,313,485,1727
161159,413,567,1715
161269,310,552,1691
161313,306,551,1765
161319,256,545,1745
161328,258,463,1746
161359,326,442,1650
161399,371,510,1763
161439,394,430,1841
161502,309,549,1777
161510,313,534,1760
161558,258,556,1791
161598,256,504,1777
161638,259,488,1761
161678,289,559,1762
161718,353,572,1730
161758,344,666,1698
161799,369,434,1693
161859,399,582,1747
161908,373,1050,1982
161959,329,-390,1244
161969,96,-1033,1806
162020,451,736,1547
162029,440,300,1362
162080,289,755,1914
162110,258,764,1592
162159,-274,-237,2080
162200,217,1186,1651
162240,351,195,1665
162312,-203,995,1817
162320,4,830,1655
162359,-50,-264,1538
162400,343,73,2061
162440,640,225,1673
162480,666,191,1611
162520,-107,-520,2517
162570,382,-592,1524
162615,398,487,1774
162671,140,-109,1802
162715,-355,-658,1483
162723,-600,-429,1853
162759,-183,228,2022
162800,248,86,1839
162840,403,235,1854
162880,488,215,1726
162920,446,336,1756
162960,384,421,1884
162990,258,482,2095
163040,-652,-917,2425
163105,80,-249,1481
163110,54,-129,1349
163150,91,103,1862
163223,784,550,1527
163266,132,-693,2421
163271,149,-501,2373
163321,262,454,1615
163350,195,-70,1668
163390,193,333,1744
163430,363,264,1838
163496,486,486,1462
163519,-213,-570,2351
163559,597,1336,1888
163599,343,-176,1554
163639,434,413,1813
163679,403,273,1722
163719,366,438,1797
163759,347,102,1701
163799,83,321,1668
163911,286,146,1605
163930,58,137,1900
163939,105,407,2093
163951,202,457,2344
163990,975,702,1819
164063,660,-162,1780
164071,614,-486,1981
164110,522,524,1694
164150,419,91,1683
164227,309,125,1728
164242,183,129,1730
164342,282,601,1673
164354,270,333,1511
164444,745,675,1720
164450,723,458,1576
164461,610,183,1562
164470,584,-6,1515
164510,-91,-68,2448
164551,640,313,1468
164591,389,372,1582
164630,381,275,1905
164702,399,450,1763
164713,384,451,1745
164750,393,352,1697
164790,368,482,1993
164830,337,314,1903
164870,410,441,1771
164945,572,590,1888
164952,558,651,1904
165001,366,-125,1743
165051,472,419,1922
165092,524,-139,1559
165110,521,51,1667
165150,506,442,1815
165190,516,315,1779
165230,427,399,1669
165270,206,489,1712
165310,-107,293,1611
165350,-676,-557,2496
165390,326,431,1411
165430,113,-430,2255
165497,716,230,1453
165513,597,-428,1322
165551,-45,178,2440
165601,687,270,1612
165643,594,435,1828
165695,304,366,1665
165710,-107,815,2209
165750,196,-173,2063
165790,361,-113,1244
165830,57,177,2100
165897,741,414,1725
165911,720,799,1746
165951,787,768,1666
165991,113,-596,2377
166031,737,568,1721
166071,656,317,1608
166111,430,510,1620
166151,-16,253,1643
166191,-1101,-512,2580
166244,376,153,1288
166293,383,517,1945
166342,698,321,1846
166353,658,386,1874
166404,267,1128,2268
166432,282,-387,2194
166471,494,132,1570
166511,567,412,1409
166551,487,313,1443
166591,299,28,1670
166631,455,447,1808
166693,734,1276,2114
166713,499,1024,2152
166751,678,624,1764
166791,556,41,1139
166831,49,49,2218
166871,591,756,1516
166911,509,564,1756
166962,445,173,1758
167015,69,328,1756
167068,-371,-35,2297
167073,-162,251,2184
167123,367,-8,1673
167151,453,263,1890
167191,574,243,1727
167231,432,377,1836
167271,399,338,1767
167311,309,408,1826
167351,233,194,1859
167391,326,159,1847
167431,224,150,1775
167502,269,197,1929
167512,287,245,1970
167551,384,407,1764
167591,-26,-95,2044
167631,223,278,1614
167683,118,39,1613
167743,401,154,2100
167753,464,198,2087
167805,572,629,1892
167852,440,-207,1278
167903,440,938,1715
167915,576,1040,1532
167951,417,343,1562
167992,541,562,1853
168032,542,798,1789
168072,446,811,1681
168112,417,678,1661
168152,208,475,1742
168192,124,277,1810
168232,259,-39,1852
168297,303,326,1824
168315,301,473,1802
168353,345,533,1751
168403,379,474,1709
168444,420,478,1743
168472,465,547,1768
168512,432,517,1761
168577,439,504,1739
168596,422,485,1768
168658,424,613,1691
168744,427,634,1752
168755,425,533,1781
168762,374,524,1763
168792,417,786,1805
168853,-15,57,1958
168874,59,85,1694
168912,219,143,1741
168952,756,566,1775
168992,777,653,1398
169032,68,84,1859
169072,561,795,1435
169122,218,337,1895
169152,330,338,1890
169193,503,659,1732
169232,502,564,1656
169298,-372,-123,2114
169345,628,344,1219
169354,549,434,1368
169398,-66,114,2280
169443,613,575,1685
169504,635,628,1807
169515,594,732,1773
169552,352,266,1676
169592,181,-148,1910
169632,363,127,1725
169672,439,256,1985
169712,630,421,1907
169752,735,690,1431
169792,8,-422,2018
169833,561,653,1540
169904,348,216,1888
169913,388,309,1854
169953,516,460,1694
169998,523,594,1698
170045,535,607,1703
170095,433,435,1778
170113,431,515,1728
170153,451,406,1744
170193,480,485,1749
170233,488,540,1711
170305,517,339,1752
170314,526,333,1776
170353,398,541,1751
170393,420,509,1780
170433,449,652,1709
170473,384,394,1754
170513,330,392,1794
170553,388,322,1796
170593,431,432,1736
170644,352,-38,1814
170685,269,274,1797
170736,368,482,1749
170755,395,362,1783
170796,372,310,1780
170833,368,270,1798
170873,306,228,1816
170913,374,379,1769
170954,350,467,1764
170993,359,389,1818
171033,354,452,1730
171098,343,340,1788
171115,318,341,1793
171153,393,435,1774
171193,385,402,1731
171233,368,343,1796
171274,377,383,1744
171313,404,390,1796
171414,372,346,1788
171425,387,238,1783
171474,352,408,1799
171516,351,193,1785
171556,320,263,1810
171561,333,242,1832
171593,385,66,1820
171633,299,337,1792
171674,417,177,1829
171714,504,535,1721
171754,443,303,1793
171795,421,393,1761
171835,513,514,1819
171907,475,516,1645
171915,260,230,1815
171955,416,98,1757
171995,522,242,1773
172067,400,380,1802
172108,516,484,1670
172118,575,574,1752
172214,427,449,1783
172225,407,427,1772
172234,408,436,1760
172275,482,386,1772
172314,466,415,1751
172367,434,492,1764
172394,453,494,1760
172435,483,307,1755
172474,428,334,1808
172515,433,369,1803
172554,411,322,1760
172595,422,323,1763
172634,439,347,1791
172707,429,337,1779
172715,437,432,1743
172755,592,442,1801
172794,629,672,1472
172856,430,167,1759
172875,537,154,1582
172915,522,809,1782
172955,357,199,1837
173009,601,544,1747
173067,535,685,1694
173117,20,179,1879
173125,116,312,1883
173155,471,271,1659
173196,371,-1,1733
173255,441,61,1901
173275,562,309,1769
173315,572,560,1714
173355,582,766,1727
173395,532,465,1785
173435,293,124,1774
173506,499,-244,1694
173515,439,-313,1768
173555,257,12,1963
173595,464,110,1810
173676,601,477,1731
173725,497,333,1781
173775,524,256,1865
173785,556,306,1903
173796,608,385,1877
173835,368,96,1697
173876,196,-219,1811
173928,463,-126,1701
173956,594,39,1908
173995,724,698,1789
174036,784,505,1600
174075,329,-484,1881
174116,320,242,1771
174155,503,166,1744
174196,418,249,1917
174236,496,368,1894
174329,469,273,1604
174335,483,218,1618
174356,431,-4,1625
174397,-163,-1040,2454
174457,587,523,1540
174475,371,-371,1720
174515,482,287,1924
174556,620,409,1567
174596,443,31,1815
174636,246,613,1912
174707,398,-90,1871
174715,370,12,1876
174756,560,490,1673
174796,591,-2,1716
174836,411,-220,1882
174876,290,160,1829
174916,439,147,1735
174956,273,910,1807
175012,490,-123,1822
175070,570,37,1666
175109,572,172,1507
175117,198,28,1972
175168,499,-40,1826
175196,550,235,1642
175236,336,326,1849
175277,387,27,1771
175316,442,-37,1785
175357,368,179,1851
175397,406,142,1837
175437,561,260,1798
175508,374,361,1803
175516,343,426,1786
175557,381,612,1727
175597,385,546,1776
175637,646,317,1699
175677,570,402,1637
175728,607,157,1860
175789,602,400,1876
175798,746,430,1841
175848,619,224,1594
175948,294,312,1834
175956,259,147,1859
175966,220,-4,1875
175997,332,91,1480
176037,317,-34,1995
176077,721,640,1841
176117,988,667,1789
176157,501,-772,1998
176196,560,355,1613
176237,601,402,1700
176306,176,-29,1622
176317,33,-318,1594
176357,-654,-645,2406
176397,531,440,1570
176436,425,-142,1832
176488,703,230,1732
176537,585,395,1693
176558,558,449,1456
176608,277,-571,2107
176650,399,-103,1540
176676,331,-200,1553
176747,255,220,2024
176756,397,296,1914
176796,513,238,1681
176836,481,245,1803
176876,572,-29,1825
176916,597,-200,1819
176956,682,-55,1870
176996,69,690,2264
177036,398,288,2084
177099,507,664,1714
177117,543,385,1879
177157,846,84,1676
177197,945,269,1466
177257,956,394,1410
177279,996,733,1337
177318,757,513,1477
177390,945,989,1253
177441,992,960,1316
177448,1039,1039,1159
177493,1024,1145,1072
177541,876,1265,1044
177590,845,1576,850
177598,786,1764,828
177637,613,2064,871
177677,658,1699,849
177717,617,1298,905
177757,672,1227,845
177797,615,1333,957
177837,656,1501,897
177908,697,1973,808
177918,674,1934,766
177957,609,1898,836
177997,493,1826,719
178037,487,1758,707
178077,346,1861,765
178139,271,1774,740
178190,270,2090,768
178199,253,2001,820
178249,-410,665,1252
178277,388,2410,831
178338,323,1218,970
178357,263,1501,697
178397,344,1818,934
178437,235,1669,1025
178477,433,1461,1063
178517,288,1580,981
178557,109,1474,957
178597,-107,1112,1169
178637,-221,856,1439
178700,-197,947,1468
178717,-209,1054,1469
178799,-210,1110,1270
178841,-309,1503,1186
178848,-306,1521,1161
178900,-214,1766,1115
178909,-322,1703,1140
178958,-468,1494,1176
178998,-605,1074,1351
179038,-847,269,1582
179109,-794,271,1771
179119,-769,232,1727
179158,-708,688,1533
179198,-875,28,1424
179238,-932,-1447,1603
179278,-341,-1078,1536
179318,-390,-621,1356
179358,-577,-671,1463
179398,-530,-1066,1429
179460,-785,-653,1472
179512,-914,-610,1411
179553,-808,-769,1473
179563,-827,-767,1441
179599,-889,-945,1354
179662,-833,-860,1523
179670,-789,-876,1527
179718,-782,-876,1619
179758,-1023,-558,1560
179798,-860,-695,1620
179838,-750,-908,1713
179909,-772,-1090,1676
179918,-694,-701,1638
179958,-474,-1030,1493
179998,-291,-654,1813
180038,-112,-1090,1095
180079,-132,-661,1314
180118,-46,-468,1298
180158,-180,-724,1411
180202,-348,-1201,1614
180259,-472,-779,1572
180272,-337,-1162,1693
180339,-364,-1077,1576
180350,-325,-1059,1516
180393,-309,-1036,1350
180438,-368,-988,1521
180478,-343,-1205,1366
180519,-244,-1230,1337
180559,-195,-963,1460
180599,-701,-3284,1012
180639,-192,-937,1481
180708,-287,-3452,1207
180719,22,3269,1278
180759,-936,-1230,-1441
180799,-899,1363,1329
180839,3,-382,2092
180879,-526,-357,1601
180942,-368,-859,1612
180952,-382,-790,1661
181044,-307,253,1990
181054,-348,115,1929
181092,-426,-371,1762
181119,-369,-923,1554
181159,-378,-695,1484
181199,-175,-754,1610
181230,-687,-138,1523
181270,-521,-30,1780
181310,-382,-282,1776
181350,-413,-243,1691
181400,-482,322,1509
181440,-574,-424,1618
181500,-392,-76,1827
181509,-349,3,1820
181550,-1181,52,1553
181589,-373,97,1685
181653,-436,-679,1827
181670,-279,-482,2153
181709,-727,-108,1798
181751,-874,45,1754
181791,-583,225,1955
181851,-832,-474,454
181900,-763,-220,1402
181913,-808,-59,1463
181991,-98,1324,3491
182002,-771,-160,491
182030,-1120,353,1916
182070,-732,-394,1042
182119,-796,-547,1436
182160,-875,-342,1581
182200,-830,28,1656
182240,-967,-123,1696
182305,-755,17,1485
182311,-749,27,1525
182350,-748,60,1501
182390,-692,251,1680
182463,-649,238,1597
182471,-641,377,1565
182523,-598,724,1657
182572,-606,945,1639
182591,-549,949,1661
182630,-493,1085,1564
182671,-442,1263,1286
182712,-277,1265,1153
182750,-417,1165,1067
182790,-308,1193,1093
182831,-319,1079,1136
182871,-462,917,1223
182911,-420,791,1545
182951,-505,879,1693
182991,-527,941,1885
183031,-438,974,1771
183092,-500,1249,1570
183133,-408,1453,1378
183151,-245,1577,1213
183202,-82,1538,878
183261,-136,1683,596
183272,-84,1705,533
183311,30,1860,519
183351,28,1941,491
183391,-106,1892,541
183431,-19,1735,723
183497,-130,1571,899
183511,-84,1655,1043
183550,-126,1539,963
183591,-151,1383,1133
183631,-229,1635,754
183671,156,1784,616
183710,578,1905,1074
183751,673,1606,793
183814,572,1560,700
183831,568,1557,686
183875,536,1577,713
183931,548,1788,785
183985,526,1529,783
183993,515,1506,802
184033,556,1303,634
184071,1451,1948,1103
184110,488,1227,913
184151,605,1260,1067
184191,813,1513,1066
184230,1093,1809,1097
184301,811,1566,973
184322,744,1580,986
184351,715,1615,933
184392,691,1590,865
184432,736,1624,704
184472,866,1672,393
184512,773,1672,618
184576,785,1749,661
184626,659,1651,749
184663,674,1693,717
184672,689,1681,697
184722,696,1677,676
184773,693,1697,670
184814,658,1683,757
184832,645,1693,724
184871,676,1686,719
184912,688,1690,730
184952,656,1669,744
184991,678,1684,717
185032,679,1696,726
185097,674,1686,725
185112,671,1671,708
185151,662,1677,709
185191,676,1695,696
185232,627,1709,719
185272,668,1687,728
185312,660,1682,734
185413,626,1697,715
185454,649,1707,701
185461,638,1704,692
185471,643,1707,692
185511,638,1690,716
185583,632,1690,733
185594,640,1681,716
185632,649,1716,704
185681,625,1701,715
185711,630,1691,719
185752,626,1687,719
185791,625,1700,728
185832,634,1687,715
185871,622,1685,710
185911,589,1691,739
185964,606,1699,720
185991,605,1688,726
186065,603,1700,742
186069,626,1692,736
186112,602,1693,730
186166,612,1698,722
186218,607,1698,743
186232,606,1700,728
186273,625,1709,727
186312,595,1702,725
186353,602,1708,720
186409,601,1684,716
186432,602,1697,723
186472,594,1706,724
186513,608,1701,735
186552,598,1707,695
186592,605,1692,741
186632,621,1706,734
186672,588,1698,737
186783,590,1707,736
186826,592,1696,727
186836,578,1711,726
186843,589,1700,743
186889,609,1680,748
186912,588,1705,734
186952,592,1713,740
186993,590,1712,741
187032,597,1699,717
187072,570,1684,724
187144,578,1710,729
187154,592,1701,744
187192,589,1688,754
187232,599,1683,734
187272,575,1697,720
187312,556,1689,732
187352,570,1695,739
187392,584,1699,768
187438,582,1688,775
187485,575,1688,761
187534,573,1693,760
187585,577,1696,750
187596,588,1686,730
187632,579,1693,732
187672,571,1677,750
187712,579,1702,766
187752,574,1682,748
187792,581,1688,739
187833,556,1694,749
187873,572,1690,751
187935,581,1708,734
187953,571,1702,732
187993,574,1707,752
188034,567,1693,745
188074,552,1692,751
188139,563,1702,750
188186,585,1703,752
188195,560,1698,744
188257,561,1699,751
188354,565,1697,761
188365,574,1691,759
188374,556,1696,747
188393,570,1685,746
188434,564,1717,744
188473,586,1723,748
188513,553,1686,763
188554,558,1703,746
188593,588,1705,745
188633,575,1697,752
188673,561,1709,763
188737,577,1693,736
188755,565,1685,737
188793,565,1705,752
188834,555,1697,766
188887,561,1690,754
188935,575,1714,735
189025,559,1674,738
189034,566,1700,766
189044,556,1713,742
189074,550,1698,762
189113,563,1705,749
189188,560,1708,752
189194,563,1696,751
189234,577,1713,748
189273,563,1691,745
189313,582,1702,734
189353,563,1701,749
189393,569,1691,754
189433,556,1688,763
189473,572,1683,761
189572,566,1688,753
189586,569,1705,741
189593,554,1686,740
189633,582,1690,743
189673,580,1701,750
189715,578,1691,769
189753,576,1693,759
189795,574,1700,734
189914,588,1702,740
189924,565,1696,754
189934,565,1689,772
189954,556,1680,783
189994,577,1692,759
190036,558,1702,752
190074,558,1696,745
190114,572,1684,745
190154,567,1698,740
190194,581,1689,764
190234,578,1695,764
190275,565,1701,740
190345,564,1691,765
190355,572,1686,752
190394,570,1691,747
190457,565,1679,749
190511,570,1708,782
190515,569,1688,759
190569,575,1687,753
190594,568,1697,769
190634,554,1689,761
190674,567,1686,754
190746,553,1700,762
190755,560,1701,766
190795,570,1695,753
190834,585,1697,734
190874,571,1721,761
190914,559,1702,774
190954,565,1693,752
190994,564,1687,751
191034,556,1697,759
191074,571,1690,754
191118,575,1701,742
191180,559,1688,757
191231,561,1689,762
191239,570,1697,752
191287,558,1697,751
191315,575,1696,754
191354,566,1702,754
191394,552,1700,748
191434,567,1694,762
191474,559,1698,752
191539,577,1697,752
191555,561,1695,759
191594,574,1678,752
191634,573,1714,756
191676,545,1693,763
191715,566,1685,753
191756,570,1705,757
191795,552,1689,744
191848,580,1689,756
191907,566,1687,772
191943,564,1690,736
191957,567,1694,742
192018,584,1685,735
192035,598,1690,766
192076,578,1690,721
192115,545,1665,785
192156,479,1701,819
192195,474,1696,873
192236,365,1656,892
192275,469,1743,1091
192336,-229,1312,848
192357,-300,1608,921
192395,-403,1752,1253
192435,-41,1162,1516
192476,-695,1136,1510
192515,-915,1100,1433
192576,-681,1405,833
192663,339,1627,-621
192668,370,1735,-686
192677,341,1864,-771
192726,453,1790,-1083
192818,141,1491,-1615
192826,135,1533,-1598
192836,138,1438,-1658
192875,113,1201,-1979
192916,204,1298,-1969
192955,395,1344,-2058
192996,418,1365,-2013
193035,513,1429,-1895
193075,573,1645,-1686
193141,694,1881,-1263
193157,749,1902,-1057
193196,760,1937,-790
193236,301,1888,-477
193287,-289,1484,259
193315,-324,1575,760
193356,-249,1538,863
193426,-485,1249,1077
193471,-525,1336,1140
193476,-534,1336,1079
193527,-658,1137,1222
193576,-682,1094,1159
193596,-615,851,1421
193667,-1063,682,1881
193677,-1026,734,1824
193716,-938,927,1455
193756,-840,990,1238
193796,-930,1292,982
193836,-1401,871,351
193876,-1359,757,-312
193947,-1549,790,-754
193959,-1604,294,-702
193996,-899,1755,-579
194037,-1128,1249,-1301
194111,-1002,1417,-1380
194150,-1098,1259,-1203
194192,-1188,1366,-1183
194202,-1204,1596,-1409
194236,-1148,1420,-1199
194276,-1040,1757,-1155
194340,-1121,1603,-1491
194358,-1157,1621,-1553
194396,-1264,1200,-1235
194436,-1331,1049,-1085
194476,-1394,1025,-1049
194516,-1338,1125,-1051
194557,-1257,1100,-998
194597,-1834,829,-772
194636,-911,2049,-1597
194676,-1645,1017,-686
194743,-1625,595,-815
194789,-1581,186,191
194797,-1632,-32,207
194850,-1557,215,-299
194890,-1636,119,670
194916,-1651,413,976
194956,-1600,150,627
194996,-1604,286,1289
195037,-1512,199,982
195076,-1497,122,1141
195141,-1519,224,1139
195157,-1542,333,1039
195196,-1102,240,987
195236,-1365,181,850
195276,-1439,393,897
195317,-1463,463,1068
195357,-1573,463,1019
195397,-1420,439,999
